distance,node,tag,rssi,date_time
1,376A73,2D341E34,-63,2022-09-19T01:12:30.000000Z
1,377756,2D341E34,-47,2022-09-19T01:12:31.000000Z
1,376A73,55332D78,-44,2022-09-19T01:12:44.000000Z
1,377756,55332D78,-41,2022-09-19T01:12:50.000000Z
1,377756,2D341E34,-48,2022-09-19T01:12:57.000000Z
1,376A73,2D341E34,-60,2022-09-19T01:13:02.000000Z
1,376A73,55332D78,-43,2022-09-19T01:13:05.000000Z
1,376A73,2D341E34,-58,2022-09-19T01:13:17.000000Z
1,376A73,2D341E34,-58,2022-09-19T01:13:23.000000Z
1,377756,55332D78,-42,2022-09-19T01:13:32.000000Z
1,376A73,2D341E34,-60,2022-09-19T01:13:38.000000Z
1,377756,2D341E34,-49,2022-09-19T01:13:39.000000Z
1,377756,2D341E34,-48,2022-09-19T01:13:49.000000Z
1,376A73,2D341E34,-60,2022-09-19T01:13:54.000000Z
1,377756,2D341E34,-47,2022-09-19T01:13:55.000000Z
1,377756,55332D78,-40,2022-09-19T01:14:08.000000Z
1,377756,2D341E34,-48,2022-09-19T01:14:10.000000Z
1,377756,55332D78,-40,2022-09-19T01:14:14.000000Z
1,376A73,2D341E34,-61,2022-09-19T01:14:15.000000Z
1,376A73,55332D78,-41,2022-09-19T01:14:19.000000Z
2,377756,55332D78,-48,2022-09-19T01:15:32.000000Z
2,376A73,55332D78,-48,2022-09-19T01:15:37.000000Z
2,377756,55332D78,-48,2022-09-19T01:15:37.000000Z
2,377756,2D341E34,-54,2022-09-19T01:15:39.000000Z
2,376A73,55332D78,-47,2022-09-19T01:15:47.000000Z
2,376A73,55332D78,-47,2022-09-19T01:15:53.000000Z
2,377756,55332D78,-46,2022-09-19T01:15:53.000000Z
2,377756,55332D78,-46,2022-09-19T01:15:58.000000Z
2,377756,2D341E34,-53,2022-09-19T01:16:00.000000Z
2,377756,55332D78,-47,2022-09-19T01:16:09.000000Z
2,376A73,2D341E34,-59,2022-09-19T01:16:11.000000Z
2,377756,2D341E34,-52,2022-09-19T01:16:32.000000Z
2,376A73,55332D78,-47,2022-09-19T01:16:34.000000Z
2,376A73,2D341E34,-59,2022-09-19T01:16:37.000000Z
2,377756,2D341E34,-52,2022-09-19T01:16:37.000000Z
2,377756,2D341E34,-51,2022-09-19T01:16:53.000000Z
2,376A73,2D341E34,-58,2022-09-19T01:16:53.000000Z
2,376A73,55332D78,-47,2022-09-19T01:16:55.000000Z
2,376A73,2D341E34,-58,2022-09-19T01:16:58.000000Z
2,377756,2D341E34,-51,2022-09-19T01:16:58.000000Z
2,376A73,55332D78,-47,2022-09-19T01:17:00.000000Z
2,377756,55332D78,-47,2022-09-19T01:17:01.000000Z
2,376A73,2D341E34,-58,2022-09-19T01:17:14.000000Z
2,376A73,55332D78,-47,2022-09-19T01:17:16.000000Z
2,377756,55332D78,-46,2022-09-19T01:17:16.000000Z
2,377756,55332D78,-46,2022-09-19T01:17:22.000000Z
3,376A73,55332D78,-50,2022-09-19T01:18:35.000000Z
3,376A73,2D341E34,-61,2022-09-19T01:18:43.000000Z
3,377756,2D341E34,-62,2022-09-19T01:18:43.000000Z
3,377756,55332D78,-53,2022-09-19T01:18:45.000000Z
3,376A73,55332D78,-48,2022-09-19T01:19:11.000000Z
3,376A73,55332D78,-49,2022-09-19T01:19:32.000000Z
3,377756,55332D78,-53,2022-09-19T01:19:32.000000Z
3,376A73,55332D78,-50,2022-09-19T01:19:48.000000Z
3,377756,55332D78,-52,2022-09-19T01:19:48.000000Z
3,377756,55332D78,-53,2022-09-19T01:19:53.000000Z
3,377756,2D341E34,-60,2022-09-19T01:19:56.000000Z
3,376A73,2D341E34,-65,2022-09-19T01:20:07.000000Z
3,377756,55332D78,-52,2022-09-19T01:20:09.000000Z
3,377756,2D341E34,-60,2022-09-19T01:20:12.000000Z
3,376A73,55332D78,-49,2022-09-19T01:20:19.000000Z
3,376A73,2D341E34,-60,2022-09-19T01:20:22.000000Z
3,377756,2D341E34,-59,2022-09-19T01:20:28.000000Z
4,377756,55332D78,-53,2022-09-19T01:21:32.000000Z
4,376A73,55332D78,-49,2022-09-19T01:21:37.000000Z
4,377756,55332D78,-53,2022-09-19T01:21:38.000000Z
4,376A73,55332D78,-51,2022-09-19T01:21:48.000000Z
4,377756,55332D78,-53,2022-09-19T01:21:48.000000Z
4,377756,55332D78,-53,2022-09-19T01:21:53.000000Z
4,377756,2D341E34,-66,2022-09-19T01:21:54.000000Z
4,376A73,2D341E34,-60,2022-09-19T01:21:54.000000Z
4,376A73,55332D78,-51,2022-09-19T01:21:58.000000Z
4,376A73,2D341E34,-60,2022-09-19T01:21:59.000000Z
4,376A73,55332D78,-51,2022-09-19T01:22:03.000000Z
4,376A73,2D341E34,-59,2022-09-19T01:22:04.000000Z
4,377756,2D341E34,-66,2022-09-19T01:22:04.000000Z
4,377756,55332D78,-53,2022-09-19T01:22:09.000000Z
4,377756,2D341E34,-68,2022-09-19T01:22:10.000000Z
4,376A73,55332D78,-51,2022-09-19T01:22:14.000000Z
4,376A73,2D341E34,-61,2022-09-19T01:22:15.000000Z
4,376A73,55332D78,-52,2022-09-19T01:22:19.000000Z
4,377756,2D341E34,-66,2022-09-19T01:22:31.000000Z
4,377756,55332D78,-53,2022-09-19T01:22:40.000000Z
4,377756,2D341E34,-68,2022-09-19T01:22:47.000000Z
4,376A73,2D341E34,-59,2022-09-19T01:22:57.000000Z
4,377756,55332D78,-54,2022-09-19T01:23:01.000000Z
4,376A73,55332D78,-53,2022-09-19T01:23:06.000000Z
4,377756,55332D78,-54,2022-09-19T01:23:12.000000Z
4,376A73,2D341E34,-60,2022-09-19T01:23:18.000000Z
4,377756,55332D78,-54,2022-09-19T01:23:22.000000Z
4,376A73,2D341E34,-59,2022-09-19T01:23:23.000000Z
4,377756,55332D78,-54,2022-09-19T01:23:27.000000Z
5,376A73,55332D78,-54,2022-09-19T01:26:30.000000Z
5,377756,55332D78,-60,2022-09-19T01:26:30.000000Z
7,376A73,55332D78,-58,2022-09-19T01:29:38.000000Z
7,377756,2D341E34,-65,2022-09-19T01:29:59.000000Z
7,377756,55332D78,-62,2022-09-19T01:29:59.000000Z
7,376A73,55332D78,-59,2022-09-19T01:29:59.000000Z
7,376A73,2D341E34,-63,2022-09-19T01:30:04.000000Z
7,376A73,55332D78,-59,2022-09-19T01:30:09.000000Z
7,377756,2D341E34,-64,2022-09-19T01:30:09.000000Z
7,377756,55332D78,-62,2022-09-19T01:30:15.000000Z
7,376A73,55332D78,-58,2022-09-19T01:30:20.000000Z
7,376A73,55332D78,-58,2022-09-19T01:30:25.000000Z
7,377756,2D341E34,-64,2022-09-19T01:30:25.000000Z
7,377756,55332D78,-62,2022-09-19T01:30:25.000000Z
7,376A73,55332D78,-58,2022-09-19T01:30:35.000000Z
7,376A73,2D341E34,-61,2022-09-19T01:30:40.000000Z
7,377756,55332D78,-64,2022-09-19T01:30:46.000000Z
7,376A73,55332D78,-60,2022-09-19T01:30:51.000000Z
7,376A73,2D341E34,-62,2022-09-19T01:30:56.000000Z
7,376A73,55332D78,-59,2022-09-19T01:30:56.000000Z
7,377756,2D341E34,-65,2022-09-19T01:31:02.000000Z
7,376A73,55332D78,-58,2022-09-19T01:31:12.000000Z
7,376A73,2D341E34,-61,2022-09-19T01:31:17.000000Z
7,377756,55332D78,-63,2022-09-19T01:31:28.000000Z
10,377756,55332D78,-71,2022-09-19T01:33:33.000000Z
10,376A73,2D341E34,-69,2022-09-19T01:33:34.000000Z
10,377756,2D341E34,-71,2022-09-19T01:33:34.000000Z
10,376A73,2D341E34,-66,2022-09-19T01:33:39.000000Z
10,376A73,55332D78,-64,2022-09-19T01:33:49.000000Z
10,376A73,2D341E34,-67,2022-09-19T01:33:49.000000Z
10,377756,55332D78,-72,2022-09-19T01:33:49.000000Z
10,377756,2D341E34,-71,2022-09-19T01:33:50.000000Z
10,376A73,2D341E34,-67,2022-09-19T01:33:55.000000Z
10,376A73,55332D78,-61,2022-09-19T01:34:10.000000Z
10,377756,55332D78,-72,2022-09-19T01:34:10.000000Z
10,377756,55332D78,-75,2022-09-19T01:34:20.000000Z
10,377756,55332D78,-73,2022-09-19T01:34:36.000000Z
10,376A73,55332D78,-61,2022-09-19T01:34:36.000000Z
10,376A73,55332D78,-60,2022-09-19T01:34:41.000000Z
10,377756,2D341E34,-69,2022-09-19T01:34:42.000000Z
10,377756,55332D78,-75,2022-09-19T01:34:47.000000Z
10,376A73,2D341E34,-68,2022-09-19T01:34:47.000000Z
10,377756,2D341E34,-70,2022-09-19T01:34:48.000000Z
10,376A73,55332D78,-62,2022-09-19T01:34:51.000000Z
10,377756,55332D78,-72,2022-09-19T01:34:52.000000Z
10,377756,2D341E34,-69,2022-09-19T01:34:53.000000Z
10,376A73,55332D78,-61,2022-09-19T01:34:57.000000Z
10,376A73,2D341E34,-66,2022-09-19T01:35:08.000000Z
10,377756,2D341E34,-68,2022-09-19T01:35:09.000000Z
10,377756,55332D78,-72,2022-09-19T01:35:13.000000Z
10,377756,55332D78,-73,2022-09-19T01:35:23.000000Z
10,377756,55332D78,-72,2022-09-19T01:35:28.000000Z
10,376A73,55332D78,-60,2022-09-19T01:35:28.000000Z
10,376A73,2D341E34,-66,2022-09-19T01:35:29.000000Z
10,377756,2D341E34,-69,2022-09-19T01:35:30.000000Z
15,376A73,55332D78,-66,2022-09-19T01:36:31.000000Z
15,377756,2D341E34,-76,2022-09-19T01:36:33.000000Z
15,376A73,55332D78,-69,2022-09-19T01:36:41.000000Z
15,376A73,55332D78,-68,2022-09-19T01:36:46.000000Z
15,376A73,2D341E34,-72,2022-09-19T01:36:48.000000Z
15,377756,2D341E34,-77,2022-09-19T01:36:48.000000Z
15,377756,2D341E34,-77,2022-09-19T01:36:54.000000Z
15,376A73,55332D78,-66,2022-09-19T01:37:02.000000Z
15,377756,55332D78,-76,2022-09-19T01:37:02.000000Z
15,377756,2D341E34,-77,2022-09-19T01:37:04.000000Z
15,377756,2D341E34,-80,2022-09-19T01:37:09.000000Z
15,377756,55332D78,-77,2022-09-19T01:37:23.000000Z
15,376A73,2D341E34,-71,2022-09-19T01:37:30.000000Z
15,377756,55332D78,-75,2022-09-19T01:37:44.000000Z
15,376A73,2D341E34,-72,2022-09-19T01:37:46.000000Z
15,376A73,55332D78,-69,2022-09-19T01:37:49.000000Z
15,377756,55332D78,-77,2022-09-19T01:37:55.000000Z
15,376A73,55332D78,-65,2022-09-19T01:38:10.000000Z
15,376A73,55332D78,-66,2022-09-19T01:38:15.000000Z
15,377756,55332D78,-77,2022-09-19T01:38:15.000000Z
15,376A73,2D341E34,-71,2022-09-19T01:38:17.000000Z
15,377756,2D341E34,-77,2022-09-19T01:38:18.000000Z
15,377756,55332D78,-76,2022-09-19T01:38:21.000000Z
20,376A73,2D341E34,-78,2022-09-19T01:39:31.000000Z
20,376A73,2D341E34,-77,2022-09-19T01:39:41.000000Z
20,377756,2D341E34,-85,2022-09-19T01:39:42.000000Z
20,376A73,2D341E34,-76,2022-09-19T01:39:46.000000Z
20,377756,2D341E34,-85,2022-09-19T01:39:47.000000Z
20,376A73,55332D78,-71,2022-09-19T01:39:49.000000Z
20,377756,55332D78,-80,2022-09-19T01:39:50.000000Z
20,376A73,55332D78,-69,2022-09-19T01:39:54.000000Z
20,377756,55332D78,-83,2022-09-19T01:40:05.000000Z
20,376A73,55332D78,-72,2022-09-19T01:40:05.000000Z
20,376A73,2D341E34,-76,2022-09-19T01:40:06.000000Z
20,377756,2D341E34,-82,2022-09-19T01:40:12.000000Z
20,376A73,2D341E34,-75,2022-09-19T01:40:27.000000Z
20,377756,2D341E34,-83,2022-09-19T01:40:27.000000Z
20,376A73,55332D78,-71,2022-09-19T01:40:31.000000Z
20,377756,55332D78,-81,2022-09-19T01:40:31.000000Z
20,376A73,55332D78,-69,2022-09-19T01:40:36.000000Z
20,376A73,2D341E34,-77,2022-09-19T01:40:48.000000Z
20,376A73,55332D78,-70,2022-09-19T01:40:52.000000Z
20,376A73,2D341E34,-76,2022-09-19T01:40:53.000000Z
20,377756,55332D78,-78,2022-09-19T01:40:57.000000Z
20,376A73,55332D78,-71,2022-09-19T01:41:08.000000Z
20,376A73,2D341E34,-77,2022-09-19T01:41:14.000000Z
20,377756,2D341E34,-83,2022-09-19T01:41:15.000000Z
20,376A73,55332D78,-72,2022-09-19T01:41:28.000000Z
25,376A73,55332D78,-74,2022-09-19T01:42:31.000000Z
25,376A73,2D341E34,-79,2022-09-19T01:42:33.000000Z
25,377756,2D341E34,-90,2022-09-19T01:42:33.000000Z
25,376A73,2D341E34,-80,2022-09-19T01:42:44.000000Z
25,376A73,2D341E34,-82,2022-09-19T01:42:59.000000Z
25,377756,2D341E34,-88,2022-09-19T01:43:00.000000Z
25,376A73,55332D78,-72,2022-09-19T01:43:02.000000Z
25,377756,55332D78,-83,2022-09-19T01:43:08.000000Z
25,377756,55332D78,-83,2022-09-19T01:43:13.000000Z
25,376A73,55332D78,-75,2022-09-19T01:43:18.000000Z
25,376A73,55332D78,-75,2022-09-19T01:43:23.000000Z
25,376A73,2D341E34,-80,2022-09-19T01:43:26.000000Z
25,377756,2D341E34,-94,2022-09-19T01:43:26.000000Z
25,377756,55332D78,-84,2022-09-19T01:43:34.000000Z
25,377756,2D341E34,-90,2022-09-19T01:43:36.000000Z
25,376A73,55332D78,-74,2022-09-19T01:43:44.000000Z
25,376A73,2D341E34,-82,2022-09-19T01:43:47.000000Z
25,377756,2D341E34,-92,2022-09-19T01:43:47.000000Z
25,377756,55332D78,-83,2022-09-19T01:43:50.000000Z
25,377756,55332D78,-82,2022-09-19T01:43:55.000000Z
25,376A73,55332D78,-72,2022-09-19T01:43:55.000000Z
25,376A73,2D341E34,-81,2022-09-19T01:44:08.000000Z
25,377756,2D341E34,-92,2022-09-19T01:44:08.000000Z
25,376A73,55332D78,-75,2022-09-19T01:44:16.000000Z
25,376A73,2D341E34,-83,2022-09-19T01:44:18.000000Z
25,376A73,55332D78,-73,2022-09-19T01:44:21.000000Z
25,377756,2D341E34,-92,2022-09-19T01:44:24.000000Z
25,377756,55332D78,-82,2022-09-19T01:44:26.000000Z
30,377756,2D341E34,-93,2022-09-19T01:46:35.000000Z
30,377756,55332D78,-80,2022-09-19T01:46:37.000000Z
30,377756,2D341E34,-93,2022-09-19T01:46:40.000000Z
30,376A73,2D341E34,-86,2022-09-19T01:46:40.000000Z
30,377756,55332D78,-78,2022-09-19T01:46:42.000000Z
30,376A73,55332D78,-74,2022-09-19T01:46:47.000000Z
30,377756,55332D78,-83,2022-09-19T01:46:58.000000Z
30,376A73,55332D78,-78,2022-09-19T01:46:58.000000Z
30,376A73,2D341E34,-82,2022-09-19T01:47:00.000000Z
30,377756,2D341E34,-92,2022-09-19T01:47:00.000000Z
30,376A73,55332D78,-75,2022-09-19T01:47:03.000000Z
30,376A73,55332D78,-74,2022-09-19T01:47:08.000000Z
30,377756,55332D78,-80,2022-09-19T01:47:08.000000Z
30,376A73,55332D78,-75,2022-09-19T01:47:18.000000Z
30,377756,2D341E34,-90,2022-09-19T01:47:21.000000Z
30,377756,55332D78,-81,2022-09-19T01:47:24.000000Z
30,377756,2D341E34,-89,2022-09-19T01:47:26.000000Z
30,377756,55332D78,-79,2022-09-19T01:47:29.000000Z
30,376A73,2D341E34,-81,2022-09-19T01:47:31.000000Z
30,377756,2D341E34,-89,2022-09-19T01:47:32.000000Z
30,377756,2D341E34,-90,2022-09-19T01:47:42.000000Z
30,377756,55332D78,-81,2022-09-19T01:47:45.000000Z
30,376A73,55332D78,-76,2022-09-19T01:47:45.000000Z
30,376A73,2D341E34,-82,2022-09-19T01:47:47.000000Z
30,377756,2D341E34,-89,2022-09-19T01:47:48.000000Z
30,376A73,55332D78,-73,2022-09-19T01:47:50.000000Z
30,376A73,2D341E34,-82,2022-09-19T01:47:52.000000Z
30,376A73,55332D78,-75,2022-09-19T01:48:05.000000Z
30,376A73,2D341E34,-82,2022-09-19T01:48:08.000000Z
30,377756,2D341E34,-89,2022-09-19T01:48:09.000000Z
30,376A73,2D341E34,-82,2022-09-19T01:48:13.000000Z
30,377756,2D341E34,-88,2022-09-19T01:48:14.000000Z
30,376A73,55332D78,-76,2022-09-19T01:48:16.000000Z
30,376A73,2D341E34,-81,2022-09-19T01:48:19.000000Z
30,377756,2D341E34,-93,2022-09-19T01:48:19.000000Z
30,376A73,55332D78,-75,2022-09-19T01:48:26.000000Z
30,376A73,2D341E34,-82,2022-09-19T01:48:29.000000Z
40,377756,2D341E34,-91,2022-09-19T01:50:30.000000Z
40,376A73,55332D78,-78,2022-09-19T01:50:32.000000Z
40,377756,55332D78,-85,2022-09-19T01:50:32.000000Z
40,377756,55332D78,-87,2022-09-19T01:50:37.000000Z
40,377756,2D341E34,-90,2022-09-19T01:50:41.000000Z
40,376A73,2D341E34,-87,2022-09-19T01:50:46.000000Z
40,376A73,55332D78,-80,2022-09-19T01:50:47.000000Z
40,376A73,2D341E34,-86,2022-09-19T01:50:51.000000Z
40,377756,2D341E34,-94,2022-09-19T01:50:51.000000Z
40,376A73,55332D78,-79,2022-09-19T01:50:53.000000Z
40,377756,2D341E34,-93,2022-09-19T01:50:57.000000Z
40,376A73,2D341E34,-87,2022-09-19T01:51:01.000000Z
40,376A73,2D341E34,-87,2022-09-19T01:51:12.000000Z
40,377756,2D341E34,-92,2022-09-19T01:51:12.000000Z
40,377756,2D341E34,-92,2022-09-19T01:51:17.000000Z
40,376A73,2D341E34,-87,2022-09-19T01:51:17.000000Z
40,376A73,55332D78,-78,2022-09-19T01:51:19.000000Z
50,376A73,2D341E34,-88,2022-09-19T01:52:36.000000Z
50,376A73,2D341E34,-90,2022-09-19T01:52:41.000000Z
50,376A73,55332D78,-80,2022-09-19T01:52:42.000000Z
50,377756,55332D78,-84,2022-09-19T01:52:43.000000Z
50,376A73,2D341E34,-92,2022-09-19T01:52:46.000000Z
50,377756,2D341E34,-96,2022-09-19T01:52:47.000000Z
50,376A73,55332D78,-80,2022-09-19T01:52:48.000000Z
50,377756,55332D78,-89,2022-09-19T01:52:48.000000Z
50,376A73,55332D78,-81,2022-09-19T01:52:53.000000Z
50,377756,2D341E34,-97,2022-09-19T01:53:01.000000Z
50,377756,55332D78,-89,2022-09-19T01:53:04.000000Z
50,376A73,2D341E34,-90,2022-09-19T01:53:06.000000Z
50,377756,2D341E34,-96,2022-09-19T01:53:07.000000Z
50,376A73,55332D78,-84,2022-09-19T01:53:08.000000Z
50,377756,55332D78,-86,2022-09-19T01:53:09.000000Z
50,376A73,55332D78,-87,2022-09-19T01:53:14.000000Z
50,376A73,2D341E34,-90,2022-09-19T01:53:17.000000Z
50,376A73,55332D78,-90,2022-09-19T01:53:19.000000Z
50,377756,2D341E34,-96,2022-09-19T01:53:22.000000Z
50,376A73,55332D78,-88,2022-09-19T01:53:24.000000Z
50,377756,55332D78,-89,2022-09-19T01:53:24.000000Z
50,376A73,2D341E34,-90,2022-09-19T01:53:27.000000Z
50,377756,2D341E34,-96,2022-09-19T01:53:28.000000Z
50,377756,2D341E34,-97,2022-09-19T01:53:33.000000Z
50,377756,55332D78,-89,2022-09-19T01:53:35.000000Z
50,376A73,2D341E34,-90,2022-09-19T01:53:38.000000Z
50,376A73,55332D78,-91,2022-09-19T01:53:40.000000Z
50,376A73,2D341E34,-91,2022-09-19T01:53:43.000000Z
50,377756,2D341E34,-99,2022-09-19T01:53:43.000000Z
50,377756,55332D78,-88,2022-09-19T01:53:45.000000Z
50,376A73,2D341E34,-90,2022-09-19T01:53:48.000000Z
50,377756,2D341E34,-96,2022-09-19T01:53:49.000000Z
50,376A73,55332D78,-86,2022-09-19T01:53:50.000000Z
50,377756,55332D78,-88,2022-09-19T01:53:51.000000Z
50,377756,55332D78,-88,2022-09-19T01:54:01.000000Z
50,376A73,2D341E34,-93,2022-09-19T01:54:09.000000Z
50,377756,55332D78,-89,2022-09-19T01:54:11.000000Z
50,376A73,55332D78,-84,2022-09-19T01:54:16.000000Z
50,377756,2D341E34,-96,2022-09-19T01:54:20.000000Z
50,377756,2D341E34,-96,2022-09-19T01:54:25.000000Z
50,376A73,2D341E34,-90,2022-09-19T01:54:25.000000Z
50,376A73,55332D78,-83,2022-09-19T01:54:27.000000Z
65,377756,55332D78,-92,2022-09-19T01:57:30.000000Z
65,377756,2D341E34,-101,2022-09-19T01:57:31.000000Z
65,376A73,55332D78,-88,2022-09-19T01:57:40.000000Z
65,376A73,2D341E34,-92,2022-09-19T01:57:42.000000Z
65,376A73,2D341E34,-95,2022-09-19T01:57:47.000000Z
65,376A73,55332D78,-92,2022-09-19T01:57:51.000000Z
65,376A73,2D341E34,-94,2022-09-19T01:57:52.000000Z
65,377756,55332D78,-94,2022-09-19T01:57:56.000000Z
65,376A73,2D341E34,-94,2022-09-19T01:58:08.000000Z
65,376A73,2D341E34,-95,2022-09-19T01:58:13.000000Z
65,377756,2D341E34,-102,2022-09-19T01:58:13.000000Z
65,376A73,55332D78,-91,2022-09-19T01:58:17.000000Z
65,376A73,2D341E34,-95,2022-09-19T01:58:18.000000Z
65,377756,2D341E34,-104,2022-09-19T01:58:19.000000Z
65,377756,2D341E34,-103,2022-09-19T01:58:24.000000Z
65,376A73,2D341E34,-95,2022-09-19T01:58:24.000000Z
65,376A73,55332D78,-93,2022-09-19T01:58:27.000000Z
65,376A73,2D341E34,-94,2022-09-19T01:58:34.000000Z
65,377756,2D341E34,-101,2022-09-19T01:58:34.000000Z
65,376A73,55332D78,-90,2022-09-19T01:58:38.000000Z
65,377756,55332D78,-95,2022-09-19T01:58:38.000000Z
65,376A73,2D341E34,-93,2022-09-19T01:58:39.000000Z
65,377756,2D341E34,-101,2022-09-19T01:58:40.000000Z
65,376A73,2D341E34,-93,2022-09-19T01:58:55.000000Z
65,376A73,55332D78,-89,2022-09-19T01:58:58.000000Z
65,376A73,2D341E34,-93,2022-09-19T01:59:00.000000Z
65,377756,55332D78,-95,2022-09-19T01:59:04.000000Z
65,376A73,2D341E34,-93,2022-09-19T01:59:06.000000Z
65,376A73,55332D78,-87,2022-09-19T01:59:09.000000Z
65,376A73,55332D78,-87,2022-09-19T01:59:14.000000Z
65,376A73,55332D78,-90,2022-09-19T01:59:19.000000Z
65,377756,55332D78,-95,2022-09-19T01:59:20.000000Z
65,376A73,55332D78,-87,2022-09-19T01:59:30.000000Z
80,377756,55332D78,-95,2022-09-19T02:01:30.000000Z
80,376A73,2D341E34,-97,2022-09-19T02:01:30.000000Z
80,376A73,2D341E34,-97,2022-09-19T02:01:35.000000Z
80,377756,55332D78,-94,2022-09-19T02:01:36.000000Z
80,377756,55332D78,-94,2022-09-19T02:01:46.000000Z
80,377756,55332D78,-96,2022-09-19T02:01:51.000000Z
80,376A73,2D341E34,-97,2022-09-19T02:01:56.000000Z
80,377756,55332D78,-94,2022-09-19T02:02:12.000000Z
80,376A73,55332D78,-95,2022-09-19T02:02:17.000000Z
80,376A73,2D341E34,-97,2022-09-19T02:02:17.000000Z
80,377756,55332D78,-95,2022-09-19T02:02:17.000000Z
80,376A73,2D341E34,-97,2022-09-19T02:02:23.000000Z
80,377756,55332D78,-95,2022-09-19T02:02:23.000000Z
80,377756,2D341E34,-111,2022-09-19T02:02:23.000000Z
80,376A73,55332D78,-95,2022-09-19T02:02:33.000000Z
80,376A73,55332D78,-94,2022-09-19T02:02:38.000000Z
80,376A73,2D341E34,-97,2022-09-19T02:02:38.000000Z
80,377756,55332D78,-95,2022-09-19T02:02:38.000000Z
80,377756,55332D78,-95,2022-09-19T02:02:43.000000Z
80,376A73,2D341E34,-97,2022-09-19T02:02:44.000000Z
80,377756,2D341E34,-108,2022-09-19T02:02:44.000000Z
80,376A73,2D341E34,-98,2022-09-19T02:02:54.000000Z
80,376A73,2D341E34,-96,2022-09-19T02:03:05.000000Z
80,377756,55332D78,-96,2022-09-19T02:03:10.000000Z
80,376A73,55332D78,-90,2022-09-19T02:03:20.000000Z
80,376A73,2D341E34,-96,2022-09-19T02:03:20.000000Z
80,377756,55332D78,-95,2022-09-19T02:03:20.000000Z
80,377756,55332D78,-95,2022-09-19T02:03:25.000000Z
80,376A73,2D341E34,-96,2022-09-19T02:03:26.000000Z
100,376A73,55332D78,-96,2022-09-19T02:05:30.000000Z
100,376A73,2D341E34,-98,2022-09-19T02:05:32.000000Z
100,377756,2D341E34,-104,2022-09-19T02:05:32.000000Z
100,376A73,55332D78,-96,2022-09-19T02:05:51.000000Z
100,377756,55332D78,-94,2022-09-19T02:06:02.000000Z
100,377756,55332D78,-94,2022-09-19T02:06:07.000000Z
100,376A73,55332D78,-94,2022-09-19T02:06:12.000000Z
100,376A73,2D341E34,-99,2022-09-19T02:06:14.000000Z
100,376A73,55332D78,-97,2022-09-19T02:06:17.000000Z
100,377756,55332D78,-94,2022-09-19T02:06:18.000000Z
100,376A73,2D341E34,-100,2022-09-19T02:06:19.000000Z
100,377756,2D341E34,-106,2022-09-19T02:06:19.000000Z
100,377756,55332D78,-93,2022-09-19T02:06:23.000000Z
100,377756,2D341E34,-105,2022-09-19T02:06:25.000000Z
100,377756,55332D78,-95,2022-09-19T02:06:28.000000Z
100,376A73,55332D78,-96,2022-09-19T02:06:28.000000Z
100,376A73,2D341E34,-102,2022-09-19T02:06:29.000000Z
100,376A73,55332D78,-96,2022-09-19T02:06:33.000000Z
100,376A73,2D341E34,-99,2022-09-19T02:06:35.000000Z
100,376A73,55332D78,-95,2022-09-19T02:06:38.000000Z
100,376A73,55332D78,-93,2022-09-19T02:06:49.000000Z
100,377756,2D341E34,-106,2022-09-19T02:06:51.000000Z
100,376A73,55332D78,-91,2022-09-19T02:06:54.000000Z
100,376A73,2D341E34,-97,2022-09-19T02:06:56.000000Z
100,376A73,2D341E34,-98,2022-09-19T02:07:01.000000Z
100,377756,2D341E34,-102,2022-09-19T02:07:01.000000Z
100,377756,55332D78,-91,2022-09-19T02:07:10.000000Z
100,377756,2D341E34,-102,2022-09-19T02:07:12.000000Z
100,377756,55332D78,-92,2022-09-19T02:07:15.000000Z
100,377756,2D341E34,-104,2022-09-19T02:07:17.000000Z
100,376A73,2D341E34,-97,2022-09-19T02:07:17.000000Z
100,376A73,55332D78,-92,2022-09-19T02:07:20.000000Z
100,376A73,2D341E34,-97,2022-09-19T02:07:22.000000Z
100,377756,2D341E34,-103,2022-09-19T02:07:22.000000Z
125,376A73,55332D78,-91,2022-09-19T02:10:33.000000Z
125,377756,55332D78,-95,2022-09-19T02:10:34.000000Z
125,376A73,2D341E34,-100,2022-09-19T02:10:35.000000Z
125,377756,2D341E34,-105,2022-09-19T02:10:36.000000Z
125,376A73,55332D78,-91,2022-09-19T02:10:39.000000Z
125,377756,55332D78,-95,2022-09-19T02:10:39.000000Z
125,376A73,55332D78,-92,2022-09-19T02:10:44.000000Z
125,376A73,2D341E34,-101,2022-09-19T02:10:46.000000Z
125,376A73,55332D78,-92,2022-09-19T02:10:54.000000Z
125,377756,2D341E34,-107,2022-09-19T02:11:02.000000Z
125,376A73,2D341E34,-100,2022-09-19T02:11:07.000000Z
125,376A73,2D341E34,-100,2022-09-19T02:11:12.000000Z
125,377756,2D341E34,-105,2022-09-19T02:11:23.000000Z
125,376A73,2D341E34,-101,2022-09-19T02:11:23.000000Z
125,376A73,55332D78,-94,2022-09-19T02:11:31.000000Z
125,377756,2D341E34,-107,2022-09-19T02:11:34.000000Z
125,376A73,55332D78,-93,2022-09-19T02:11:36.000000Z
125,377756,2D341E34,-105,2022-09-19T02:11:39.000000Z
125,377756,2D341E34,-104,2022-09-19T02:11:44.000000Z
125,376A73,55332D78,-92,2022-09-19T02:11:46.000000Z
125,377756,55332D78,-95,2022-09-19T02:11:47.000000Z
125,376A73,55332D78,-92,2022-09-19T02:11:57.000000Z
125,377756,2D341E34,-105,2022-09-19T02:12:05.000000Z
125,376A73,2D341E34,-100,2022-09-19T02:12:05.000000Z
125,377756,2D341E34,-107,2022-09-19T02:12:10.000000Z
125,376A73,2D341E34,-101,2022-09-19T02:12:10.000000Z
125,377756,55332D78,-95,2022-09-19T02:12:13.000000Z
125,377756,2D341E34,-105,2022-09-19T02:12:21.000000Z
125,376A73,55332D78,-91,2022-09-19T02:12:28.000000Z
125,377756,55332D78,-95,2022-09-19T02:12:29.000000Z
150,377756,55332D78,-103,2022-09-19T02:15:37.000000Z
150,376A73,55332D78,-100,2022-09-19T02:15:47.000000Z
150,377756,55332D78,-103,2022-09-19T02:15:47.000000Z
150,376A73,55332D78,-99,2022-09-19T02:15:52.000000Z
150,377756,55332D78,-102,2022-09-19T02:15:52.000000Z
150,376A73,55332D78,-99,2022-09-19T02:16:02.000000Z
150,376A73,2D341E34,-108,2022-09-19T02:16:05.000000Z
150,377756,2D341E34,-102,2022-09-19T02:16:05.000000Z
150,376A73,55332D78,-99,2022-09-19T02:16:08.000000Z
150,377756,55332D78,-102,2022-09-19T02:16:08.000000Z
150,376A73,2D341E34,-107,2022-09-19T02:16:10.000000Z
150,377756,2D341E34,-102,2022-09-19T02:16:10.000000Z
150,376A73,55332D78,-99,2022-09-19T02:16:29.000000Z
150,377756,55332D78,-102,2022-09-19T02:16:29.000000Z
150,377756,55332D78,-99,2022-09-19T02:16:34.000000Z
150,377756,55332D78,-100,2022-09-19T02:16:55.000000Z
150,377756,55332D78,-101,2022-09-19T02:17:11.000000Z
150,377756,2D341E34,-99,2022-09-19T02:17:12.000000Z
150,376A73,2D341E34,-104,2022-09-19T02:17:12.000000Z
150,376A73,55332D78,-97,2022-09-19T02:17:16.000000Z
150,377756,55332D78,-102,2022-09-19T02:17:16.000000Z
